diabetes,diabetes,type,risk,health,sugar,blood,help,disease,via,heart,people,sweet,cure,drug,eat,chocolate,don,gestational,x,insulin,doctor,study,jim,cancer,obesity,cause,news,day,t,eats
,21112,2365,1070,1019,991,692,670,662,658,642,575,542,538,503,492,471,469,448,445,443,442,419,416,412,410,398,398,391,390,383
disease,diabetes,disease,heart,type,risk,notions,revamping,cancer,stroke,obesity,kidney,health,insulin,eat,linked,people,chronic,family,lower,news,sitting,blood,cardiovascular,healthy,fat,nutrition,etc,forbes,increases,reduce
,677,662,315,189,147,80,71,69,58,44,40,38,29,28,26,26,25,25,25,25,25,23,23,23,22,22,20,20,20,19
diabetic,diabetes,diabetic,type,via,amidiabetic,health,daibetes,diet,blood,life,sugar,patients,t,dblog,symptoms,blog,pwd,check,post,pre,daily,doc,dog,heart,people,crazy,depression,diabetesproblems,help,kyc
,237,231,40,24,22,21,18,16,15,14,14,13,13,12,12,10,10,9,9,9,8,8,8,8,8,7,7,7,7,7
doctor,diabetes,doctor,drug,raises,questions,dr,doubts,imperil,lucrative,butler,peter,raised,red,flags,doesn,diagnosis,foot,honest,leads,mean,merck,pain,statins,c,times,aspirin,drugs,via,york,blood
,225,213,85,60,59,25,24,24,23,21,21,19,17,16,15,12,12,12,12,12,12,12,12,11,11,10,10,9,9,8
patients,diabetes,patients,type,mellitus,heart,stroke,impact,risk,study,diabetic,health,life,blood,adult,mortality,cancer,female,hospitalized,taiwan,care,function,hf,improves,pressure,soccer,conference,fib,francisco,living,san
,210,189,76,21,20,18,16,15,15,13,13,13,12,11,11,10,10,10,10,9,9,9,9,9,9,8,8,8,8,8
medical,diabetes,medical,marijuana,inc,research,enhance,nuvilex,studies,type,xpress,care,center,study,link,metagenome,nvlx,gut,suggests,adult,blood,disease,health,key,news,cells,children,complex,curing,help,hold
,155,154,41,39,39,35,35,34,30,18,14,13,12,11,11,11,9,9,7,7,7,7,7,7,6,6,6,6,6,6
jdrf,diabetes,jdrf,cure,type,walk,d,t,help,via,conferences,joslin,js,snapshots,juvenile,diabetesmatters,money,people,raise,research,daily,diagnosed,discovery,donate,e,foundation,please,telus,altamonte,canada,curet
,113,109,32,26,24,21,18,15,12,10,10,10,10,9,7,7,7,6,6,5,5,5,5,5,5,5,5,4,4,4
nutrition,diabetes,nutrition,disease,heart,prevent,foods,free,health,planning,type,heal,information,discussion,gluten,june,nutr,planned,powell,diet,obesity,book,help,proper,cure,heartdisease,levels,sugar,checking,diabeteshf,exercise
,102,95,21,18,17,13,13,12,12,12,11,10,9,9,9,9,9,9,8,8,6,6,6,5,5,5,5,4,4,4
medicine,diabetes,medicine,type,disease,d,notions,revamping,advances,l,jq,kx,thanks,e,health,cure,drug,sugar,x,cancer,t,treat,blood,cells,h,marijuana,nano,news,reports,stem,adult
,96,91,35,18,17,17,17,15,15,13,13,12,7,7,6,6,6,6,5,5,5,4,4,4,4,4,4,4,4,3
healthcare,diabetes,healthcare,britain,london,nice,drug,cost,reuters,watchdog,astra,bristol,health,news,voice,safety,improve,astrazeneca,finance,forxiga,v,wins,dr,edt,force,h,kidshealth,management,mmj,mmot,pharma
,75,72,22,21,21,20,19,17,15,13,13,13,9,9,8,7,5,5,5,5,5,4,4,4,4,4,4,4,4,4
fda,fda,diabetes,drug,test,approves,c,led,a,diagnosing,division,mary,parks,blood,loss,change,diagnose,approved,controversy,doctor,drugs,marketing,study,weight,allows,glaxosm,outspoken,pancreas,prompted,avandia,labeled
,73,71,23,21,14,14,13,12,10,10,10,10,9,9,8,7,6,6,6,6,6,6,6,5,5,5,5,5,4,4
hospital,diabetes,hospital,children,angeles,director,los,names,obesity,program,doctor,mckeesport,sudden,death,leaves,void,g,diet,found,review,specialist,support,tribune,amy,cause,chester,diagnosed,j,st,type,west
,71,66,11,10,10,10,10,10,10,9,8,8,7,7,7,5,4,4,4,4,4,4,3,3,3,3,3,3,3,3
diabetics,diabetes,diabetics,type,insulin,free,people,pumps,c,aim,alberta,benefits,boehringer,care,celebrity,chefs,cost,diet,doctors,dpcdmbm,e,educate,exercise,feel,foot,game,guide,help,ipad,lly,money
,64,64,18,10,6,5,5,4,3,3,3,3,3,3,3,3,3,3,3,3,3,3,3,3,3,3,3,3,3,3
pancreas,diabetes,pancreas,insulin,cells,study,natural,produce,sperm,type,artificial,disease,lt,body,glucose,producing,stops,bring,conve,hormone,trial,aptrial,c,diatribenews,doctor,drug,fda,outspoken,prompted,news,probe
,64,59,22,19,18,13,12,12,12,10,9,8,7,7,7,7,6,6,6,6,5,5,5,5,5,5,5,5,4,4
therapy,diabetes,therapy,diabetesproblems,depression,type,pwd,e,com,insulin,medtronic,tinyurl,x,check,diabetic,pump,article,denial,f,psych,arthritis,blogs,creative,drugs,electrodes,eliot,epilepsy,gfsthscyli,hga,intro,jn
,60,54,17,15,11,9,8,6,6,6,6,6,5,5,5,4,4,4,4,3,3,3,3,3,3,3,3,3,3,3
senior,diabetes,senior,health,aging,bk,dave,dee,drs,sxuht,symptoms,wellness,cra,cv,jobs,cancer,check,job,kingdom,marketing,mclaren,midlands,obesity,research,taylor,united,z,abusers,affected,alzheimer,articles
,58,37,25,21,21,21,21,21,21,21,21,8,4,3,2,2,2,2,2,2,2,2,2,2,2,2,1,1,1,1
nhs,diabetes,nhs,coffee,news,obesity,causes,health,proof,pill,available,insulin,jabs,postpones,choices,closer,treatment,type,funding,organisations,a,daily,day,diabetesuk,drug,express,g,missing,overlooked,tackle,approved
,56,53,14,14,14,13,13,12,11,10,10,10,10,9,6,6,6,5,5,3,3,3,3,3,3,3,3,3,3,2
patient,diabetes,patient,clean,wound,gt,health,type,story,care,doctor,foot,line,alert,breakfast,call,diagnosis,gail,honest,leads,news,onset,pain,share,tomorrow,added,advocates,bpolitiglobal,carmen,chai,chinese
,53,52,9,9,6,6,6,5,4,4,4,4,3,3,3,3,3,3,3,3,3,3,3,3,2,2,2,2,2,2
pharma,diabetes,pharma,game,management,launch,drug,giants,job,drugs,pharmacy,qtxxxi,specialist,type,wfo,fda,healthcare,hills,medical,sales,woodland,advisor,alarms,based,boehringer,bristol,ca,call,care,companies,cost
,53,51,12,11,9,7,7,7,6,5,5,5,5,5,4,4,4,4,4,4,3,3,3,3,3,3,3,3,3,3
asthma,asthma,diabetes,vitamin,drugs,reduces,chronic,bronchitis,clinical,emphysema,researchers,trial,heart,cancer,condition,health,hypertension,arthritis,smoking,aids,cities,depression,drops,etc,fit,help,hurt,list,management,nat,ranks
,50,50,13,12,12,11,9,9,9,9,9,6,5,5,5,5,4,4,3,3,3,3,3,3,3,3,3,3,3,3
asthma,asthma,diabetes,vitamin,drugs,reduces,chronic,bronchitis,clinical,emphysema,researchers,trial,heart,cancer,condition,health,hypertension,arthritis,smoking,aids,cities,depression,drops,etc,fit,help,hurt,list,management,nat,ranks
,50,50,13,12,12,11,9,9,9,9,9,6,5,5,5,5,4,4,3,3,3,3,3,3,3,3,3,3,3,3
doctors,diabetes,doctors,appointment,celebrity,chefs,diabetics,dpcdmbm,money,ones,people,publications,spinners,tomorrow,ur,a,assistants,auto,automatic,blood,bp,cause,check,don,download,educators,help,l,nurses,office,omron
,34,34,3,3,3,3,3,3,3,3,3,3,3,3,2,2,2,2,2,2,2,2,2,2,2,2,2,2,2,2
thyroid,diabetes,thyroid,blood,check,medical,births,cesarean,common,underactive,gestational,inc,instead,mot,pregnancy,profile,risks,ups,cancer,leads,type,brief,free,news,women,b,clinic,condition,cure,deal,deficiency
,32,31,9,7,7,6,6,6,6,5,5,5,5,5,5,5,5,4,4,4,3,3,3,3,2,2,2,2,2,2
nurse,diabetes,nurse,job,practitioner,specialist,educator,help,type,x,doctor,insulin,seattle,self,wa,amidiabetic,b,blood,diabetic,eating,exercise,found,guilty,halton,health,hospital,j,jane,jobs,lucy,misconduct
,30,28,6,6,5,4,4,4,4,3,3,3,3,3,2,2,2,2,2,2,2,2,2,2,2,2,2,2,2,2
pharmacy,diabetes,pharmacy,online,qtxxxi,wfo,buy,pharma,canadian,hta,purchase,drug,generic,pet,st,supplies,avg,bin,cheap,classes,clinical,coming,director,education,everyday,hometown,id,join,living,medicare,meds
,28,21,6,6,6,5,5,4,4,4,3,3,3,3,3,2,2,2,2,2,2,2,2,2,2,2,2,2,2,2
nurses,diabetes,nurses,school,nursing,court,health,insulin,supreme,type,via,ivchat,calif,infusionnurse,schools,shots,american,assistants,assoc,auto,automatic,bp,ca,calhealthline,capitol,d,desk,doctors,download,educators,gestational
,27,27,11,8,7,7,7,6,6,6,4,3,3,3,3,2,2,2,2,2,2,2,2,2,2,2,2,2,2,2
bgnow,bgnow,diabetes,blood,sugar,time,pngwd,day,dexcom,bears,bsv,bxn,perfect,vp,cup,low,bed,diabetic,doc,dsma,graph,im,money,overnight,sweet,t,tired,walk,a,acceptable,accuchek
,25,25,9,9,7,6,5,5,4,4,4,4,4,3,3,2,2,2,2,2,2,2,2,2,2,2,2,1,1,1
nursing,diabetes,nursing,nurses,health,type,cure,ivchat,class,h,infusionnurse,practical,students,via,australia,central,education,falls,fam,gestational,i,institute,juvenile,news,pennsylvania,pregnancy,treatment,using,walking,abhealth,ableg
,23,23,8,7,5,4,4,3,3,3,3,3,3,2,2,2,2,2,2,2,2,2,2,2,2,2,2,2,1,1
teeth,diabetes,teeth,cavities,head,carlos,soda,sugar,bones,consumption,damages,dissolves,drill,drink,eating,eats,feel,gain,gonna,gums,healthy,kidneys,liver,reasons,risk,st,sweet,tmrw,weakens,weight,won
,19,18,4,4,3,3,3,2,2,2,2,2,2,2,2,2,2,2,2,2,2,2,2,2,2,2,2,2,2,2
therapist,diabetes,therapist,depression,anxiety,eliot,focused,gl,goo,lebow,coachinghttp,g,life,w,y,abt,annbartlett,blogger,bloo,body,consultan,doqyj,education,ff,fitness,inhttp,lover,low,massage,practice,raise
,17,10,7,5,5,5,5,5,5,3,3,3,3,3,2,2,2,2,2,2,2,2,2,2,2,2,2,2,2,2
uspstf,diabetes,gestational,uspstf,favors,testing,screening,ce,cme,o,obgyn,routine,women,asymptomatic,calls,draft,endocrinology,medpage,mellitus,pregnant,recommends,ucalgary,aapa,articles,beyond,cbyx,comment,device,e,eqtoyebbza,esyyd
,17,16,16,8,8,6,5,5,3,3,3,3,2,2,2,2,2,2,2,2,2,1,1,1,1,1,1,1,1,1
fertility,diabetes,fertility,male,effects,infertility,affects,cause,health,increase,learn,topic,aatgzrydo,asthma,b,burns,cancer,cd,chefng,cmebkpelyn,cxwr,etc,eva,f,frg,fxgayuusnk,heart,hgfnydajy,hrig,ikji,immunity
,17,15,14,10,6,4,2,2,2,2,2,1,1,1,1,1,1,1,1,1,1,1,1,1,1,1,1,1,1,1
acupuncture,diabetes,acupuncture,increases,pain,threshold,in,mgej,q,y,z,avoid,b,bptn,brn,ehjizsjy,g,gqvz,help,id,kpcud,l,lbp,matters,md,mri,otcdrcozu,people,perspective,pqjl,reverse
,16,14,12,12,12,2,2,2,2,2,1,1,1,1,1,1,1,1,1,1,1,1,1,1,1,1,1,1,1,1
respiratory,diabetes,respiratory,clinical,copd,jobs,rgn,specialist,accountingjobs,jobsu,u,cancer,disease,diseases,chronic,heart,leading,stroke,united,advair,alzheimer,as,attack,cardiovascular,causes,curb,death,def,don,dying,expat
,11,11,6,6,6,6,6,4,4,4,3,3,3,2,2,2,2,2,1,1,1,1,1,1,1,1,1,1,1,1
bcsm,blog,bcsm,diabetes,medivizor,notifications,sis,featured,signed,angelinajolie,endcancer,mastectomy,pls,zrvpwuunjt,cancer,featurd,feistybluegecko,giasison,hchlitss,hcsm,signd,NA,NA,NA,NA,NA,NA,NA,NA,NA,NA
,5,4,4,4,4,4,3,3,2,2,2,2,2,1,1,1,1,1,1,1,NA,NA,NA,NA,NA,NA,NA,NA,NA,NA
chemo,attack,cancer,chemo,dad,diabetes,heart,month,stop,surgery,times,NA,NA,NA,NA,NA,NA,NA,NA,NA,NA,NA,NA,NA,NA,NA,NA,NA,NA,NA,NA
,1,1,1,1,1,1,1,1,1,1,NA,NA,NA,NA,NA,NA,NA,NA,NA,NA,NA,NA,NA,NA,NA,NA,NA,NA,NA,NA
leukemia,diabetes,leukemia,aids,anemia,children,combined,fiuuuuuf,gph,illness,kids,maybe,mentalhealth,ok,p,psychiatric,qbl,suffer,NA,NA,NA,NA,NA,NA,NA,NA,NA,NA,NA,NA,NA
,2,2,1,1,1,1,1,1,1,1,1,1,1,1,1,1,1,NA,NA,NA,NA,NA,NA,NA,NA,NA,NA,NA,NA,NA
livercancer,ajnnrd,alcohol,canada,cancer,cbcnews,diabetes,health,liver,livercancer,nbb,rise,smoking,via,video,NA,NA,NA,NA,NA,NA,NA,NA,NA,NA,NA,NA,NA,NA,NA,NA
,1,1,1,1,1,1,1,1,1,1,1,1,1,1,NA,NA,NA,NA,NA,NA,NA,NA,NA,NA,NA,NA,NA,NA,NA,NA
lungcancer,cv,diabetes,drug,kb,lungcancer,m,makes,mfpg,radiotherapy,uykfwq,vulnerable,NA,NA,NA,NA,NA,NA,NA,NA,NA,NA,NA,NA,NA,NA,NA,NA,NA,NA,NA
,1,1,1,1,1,1,1,1,1,1,1,NA,NA,NA,NA,NA,NA,NA,NA,NA,NA,NA,NA,NA,NA,NA,NA,NA,NA,NA
melanoma,diabetes,melanoma,add,affects,ange,anymore,approvals,beasley,chicago,deena,drug,drugs,existence,gsk,immunotherapy,julie,los,missumuggins,mo,people,pfvwxeh,pp,regulate,rqrn,steenhuysen,sugar,tally,tax,tjenbafan,wheat
,3,3,1,1,1,1,1,1,1,1,1,1,1,1,1,1,1,1,1,1,1,1,1,1,1,1,1,1,1,1
pancreaticcancer,diabetes,pancreaticcancer,byetta,clinical,dr,drug,drugs,fda,found,investigation,januvia,metastatic,metformin,o,prompts,reading,risk,study,treat,trial,xtynkrhfu,yujxeps,NA,NA,NA,NA,NA,NA,NA,NA
,2,2,1,1,1,1,1,1,1,1,1,1,1,1,1,1,1,1,1,1,1,1,NA,NA,NA,NA,NA,NA,NA,NA
copd,copd,diabetes,clinical,jobs,respiratory,rgn,specialist,accountingjobs,jobsu,u,asthma,health,heart,alzheimer,as,base,beast,brthebtr,cancers,cannabis,cascar,ccg,coding,colleagues,combine,conditions,death,deep,developing,disease
,12,12,6,6,6,6,6,4,4,4,2,2,2,1,1,1,1,1,1,1,1,1,1,1,1,1,1,1,1,1
bronchitis,asthma,bronchitis,chronic,clinical,diabetes,emphysema,researchers,trial,ny,antonio,atlanta,bayside,blmnkyotol,bzvsepw,charlotte,chicago,dc,elsriefvbu,fl,flqo,fqrm,ga,glkxk,hill,iiaw,il,kojb,maiaz,medford,miami
,9,9,9,9,9,9,9,9,2,1,1,1,1,1,1,1,1,1,1,1,1,1,1,1,1,1,1,1,1,1
frdoc,doctors,andrealimbourg,cause,diabetes,explains,frdoc,xviccinsdl,NA,NA,NA,NA,NA,NA,NA,NA,NA,NA,NA,NA,NA,NA,NA,NA,NA,NA,NA,NA,NA,NA,NA
,2,1,1,1,1,1,1,NA,NA,NA,NA,NA,NA,NA,NA,NA,NA,NA,NA,NA,NA,NA,NA,NA,NA,NA,NA,NA,NA,NA
insulinpump,diabetes,insulinpump,pump,d,t,type,doc,e,sensor,site,abudhabi,am,asante,awesome,baby,c,change,clinic,daughter,detected,diabetic,diabeticproblem,died,dne,education,greattiming,h,half,hateit,health
,8,8,4,3,3,3,2,2,2,2,1,1,1,1,1,1,1,1,1,1,1,1,1,1,1,1,1,1,1,1
dailydtalk,cool,dailydtalk,diabetes,enjoy,insulin,nation,readers,site,sxqxnxef,unite,wellocracy,y,NA,NA,NA,NA,NA,NA,NA,NA,NA,NA,NA,NA,NA,NA,NA,NA,NA,NA
,1,1,1,1,1,1,1,1,1,1,1,1,NA,NA,NA,NA,NA,NA,NA,NA,NA,NA,NA,NA,NA,NA,NA,NA,NA,NA
wellocracy,cool,dailydtalk,diabetes,enjoy,insulin,nation,readers,site,sxqxnxef,unite,wellocracy,y,NA,NA,NA,NA,NA,NA,NA,NA,NA,NA,NA,NA,NA,NA,NA,NA,NA,NA
,1,1,1,1,1,1,1,1,1,1,1,1,NA,NA,NA,NA,NA,NA,NA,NA,NA,NA,NA,NA,NA,NA,NA,NA,NA,NA
candoc,diabetes,omg,candoc,fitness,article,cgm,covering,d,doc,dsma,fighting,food,healthyfood,insurance,marcus,mzoajahutb,profile,t,NA,NA,NA,NA,NA,NA,NA,NA,NA,NA,NA,NA
,3,3,2,2,1,1,1,1,1,1,1,1,1,1,1,1,1,1,NA,NA,NA,NA,NA,NA,NA,NA,NA,NA,NA,NA
influenza,cancer,cough,diabetes,drug,google,hepatitis,influenza,lung,whooping,withdrawal,NA,NA,NA,NA,NA,NA,NA,NA,NA,NA,NA,NA,NA,NA,NA,NA,NA,NA,NA,NA
,1,1,1,1,1,1,1,1,1,1,NA,NA,NA,NA,NA,NA,NA,NA,NA,NA,NA,NA,NA,NA,NA,NA,NA,NA,NA,NA
flu,diabetes,flu,deaths,symptoms,type,add,adi,adult,aids,cancer,cold,damage,day,doesn,eatthemoon,fuks,google,hahaha,homicide,ii,infectious,legit,looks,management,mentally,mononucleosis,nerve,onset,sick,sounds
,5,5,2,2,2,1,1,1,1,1,1,1,1,1,1,1,1,1,1,1,1,1,1,1,1,1,1,1,1,1
1care,brady,care,collecting,data,diabetes,ellen,ethics,forums,healthtech,online,phd,presentation,social,student,NA,NA,NA,NA,NA,NA,NA,NA,NA,NA,NA,NA,NA,NA,NA,NA
,1,1,1,1,1,1,1,1,1,1,1,1,1,1,NA,NA,NA,NA,NA,NA,NA,NA,NA,NA,NA,NA,NA,NA,NA,NA
aade,diabetes,k,aade,costars,diabeteshf,donation,help,jke,nl,plz,rdchat,sanofi,views,y,NA,NA,NA,NA,NA,NA,NA,NA,NA,NA,NA,NA,NA,NA,NA,NA
,2,2,1,1,1,1,1,1,1,1,1,1,1,1,NA,NA,NA,NA,NA,NA,NA,NA,NA,NA,NA,NA,NA,NA,NA,NA
abhealth,abhealth,diabetes,canadians,chinese,study,ableg,insulin,pumps,risk,abgov,access,alarming,albertans,budgeted,care,di,ed,emwuidumwb,fhpgfs,fidltae,fredhornemla,gxq,increase,increases,ins,june,jus,launched,massive,nursing
,6,6,4,4,3,2,2,2,2,1,1,1,1,1,1,1,1,1,1,1,1,1,1,1,1,1,1,1,1,1
adherence,adherence,diabetes,affecting,care,factors,health,impact,medication,patients,sustained,utilization,bpbabu,ejiz,f,ijame,improved,jihvr,juoikqnwrg,kv,o,pehfbo,px,rouglx,strategies,tc,treatment,type,NA,NA,NA
,6,6,5,5,5,5,5,5,5,5,5,1,1,1,1,1,1,1,1,1,1,1,1,1,1,1,1,NA,NA,NA
als,support,adds,als,budget,centers,control,diabetes,epilepsy,fund,house,million,poison,programs,proposal,research,NA,NA,NA,NA,NA,NA,NA,NA,NA,NA,NA,NA,NA,NA,NA
,2,1,1,1,1,1,1,1,1,1,1,1,1,1,1,NA,NA,NA,NA,NA,NA,NA,NA,NA,NA,NA,NA,NA,NA,NA
alternativemedicine,alternativemedicine,ayurvedic,bqhjvsqnnp,diabetes,treatments,NA,NA,NA,NA,NA,NA,NA,NA,NA,NA,NA,NA,NA,NA,NA,NA,NA,NA,NA,NA,NA,NA,NA,NA,NA
,1,1,1,1,1,NA,NA,NA,NA,NA,NA,NA,NA,NA,NA,NA,NA,NA,NA,NA,NA,NA,NA,NA,NA,NA,NA,NA,NA,NA
bariatric,bariatric,diabetes,surgery,obesity,type,critical,diet,factor,improving,shown,wls,ambulances,answers,ap,billings,billingsclinic,bmi,bypass,control,doctor,effective,gastric,gastricbypass,groundbreaking,gynagxictj,h,id,ij,insurance,iu
,9,9,6,3,3,2,2,2,2,2,2,1,1,1,1,1,1,1,1,1,1,1,1,1,1,1,1,1,1,1
bioethics,bioethics,diabetes,alarms,cell,cure,drugs,dtlta,lone,lucrative,n,pocket,raises,stem,treatment,u,via,voice,znmotmk,NA,NA,NA,NA,NA,NA,NA,NA,NA,NA,NA,NA
,2,2,1,1,1,1,1,1,1,1,1,1,1,1,1,1,1,1,NA,NA,NA,NA,NA,NA,NA,NA,NA,NA,NA,NA
bioethics,bioethics,diabetes,alarms,cell,cure,drugs,dtlta,lone,lucrative,n,pocket,raises,stem,treatment,u,via,voice,znmotmk,NA,NA,NA,NA,NA,NA,NA,NA,NA,NA,NA,NA
,2,2,1,1,1,1,1,1,1,1,1,1,1,1,1,1,1,1,NA,NA,NA,NA,NA,NA,NA,NA,NA,NA,NA,NA
biotech,biotech,diabetes,aim,analysts,biodel,bit,boehringer,buy,continue,despite,diabetics,diagnostic,dxcm,educate,egevfvyxbg,firm,game,insulet,ipad,islet,islt,killer,ladenburg,lly,ly,market,podd,pursuing,qtnozyd,reverse
,4,4,1,1,1,1,1,1,1,1,1,1,1,1,1,1,1,1,1,1,1,1,1,1,1,1,1,1,1,1
breastfeeding,ads,breastfed,breastfeeding,child,claim,d,diabetes,influenced,mocwkg,onset,response,NA,NA,NA,NA,NA,NA,NA,NA,NA,NA,NA,NA,NA,NA,NA,NA,NA,NA,NA
,1,1,1,1,1,1,1,1,1,1,1,NA,NA,NA,NA,NA,NA,NA,NA,NA,NA,NA,NA,NA,NA,NA,NA,NA,NA,NA
candoc,diabetes,omg,candoc,fitness,article,cgm,covering,d,doc,dsma,fighting,food,healthyfood,insurance,marcus,mzoajahutb,profile,t,NA,NA,NA,NA,NA,NA,NA,NA,NA,NA,NA,NA
,3,3,2,2,1,1,1,1,1,1,1,1,1,1,1,1,1,1,NA,NA,NA,NA,NA,NA,NA,NA,NA,NA,NA,NA
cardiologist,etc,cardiologist,davis,diabetes,grain,outrageous,unhealthy,wheat,william,zajsensbd,NA,NA,NA,NA,NA,NA,NA,NA,NA,NA,NA,NA,NA,NA,NA,NA,NA,NA,NA,NA
,3,1,1,1,1,1,1,1,1,1,NA,NA,NA,NA,NA,NA,NA,NA,NA,NA,NA,NA,NA,NA,NA,NA,NA,NA,NA,NA
cardiologists,cardiologists,diabetes,forward,looking,morning,nutrition,presentation,re,ufxjbrh,yg,NA,NA,NA,NA,NA,NA,NA,NA,NA,NA,NA,NA,NA,NA,NA,NA,NA,NA,NA,NA
,1,1,1,1,1,1,1,1,1,1,NA,NA,NA,NA,NA,NA,NA,NA,NA,NA,NA,NA,NA,NA,NA,NA,NA,NA,NA,NA
cardiology,diabetes,afib,cardiology,linked,stroke,baby,chris,croseveare,dgh,don,editor,elinlowri,gastro,gen,geri,inpatients,kaiser,local,med,medp,parthaskar,team,uanhrr,uuq,NA,NA,NA,NA,NA,NA
,3,2,2,2,2,1,1,1,1,1,1,1,1,1,1,1,1,1,1,1,1,1,1,1,NA,NA,NA,NA,NA,NA
caregiver,caregiver,diabetes,medical,arghhhhh,counsel,customized,dementia,dpt,hipertnsion,jg,k,loss,najihahiman,plans,pt,shares,u,waaaa,weight,wellness,x,zni,NA,NA,NA,NA,NA,NA,NA,NA
,2,2,2,1,1,1,1,1,1,1,1,1,1,1,1,1,1,1,1,1,1,1,NA,NA,NA,NA,NA,NA,NA,NA
cdctips,actual,cause,cdctips,diabetes,shit,smoking,stop,treat,NA,NA,NA,NA,NA,NA,NA,NA,NA,NA,NA,NA,NA,NA,NA,NA,NA,NA,NA,NA,NA,NA
,1,1,1,1,1,1,1,1,NA,NA,NA,NA,NA,NA,NA,NA,NA,NA,NA,NA,NA,NA,NA,NA,NA,NA,NA,NA,NA,NA
cdnhealth,canadians,cdnhealth,chinese,diabetes,study,cublbws,cypix,fold,gate,gt,jumped,lw,my,previously,rates,risk,NA,NA,NA,NA,NA,NA,NA,NA,NA,NA,NA,NA,NA,NA
,2,2,2,2,2,1,1,1,1,1,1,1,1,1,1,1,NA,NA,NA,NA,NA,NA,NA,NA,NA,NA,NA,NA,NA,NA
chc,chc,diabetes,education,hamilton,north,hearing,active,available,board,care,classes,client,counseling,diabetic,difference,family,fitness,foot,huge,living,lots,nutritional,offer,offers,outreach,program,re,services,session,story
,4,4,4,4,4,2,1,1,1,1,1,1,1,1,1,1,1,1,1,1,1,1,1,1,1,1,1,1,1,1
chcs,addresses,aisgectufr,based,care,chcs,diabetes,efforts,epidemic,features,globaltvnews,prevention,schcont,team,video,NA,NA,NA,NA,NA,NA,NA,NA,NA,NA,NA,NA,NA,NA,NA,NA
,1,1,1,1,1,1,1,1,1,1,1,1,1,1,NA,NA,NA,NA,NA,NA,NA,NA,NA,NA,NA,NA,NA,NA,NA,NA
chiropractic,chiropractic,daily,death,diabetes,earlier,enou,linked,minute,news,sitting,snkgslbnr,workouts,NA,NA,NA,NA,NA,NA,NA,NA,NA,NA,NA,NA,NA,NA,NA,NA,NA,NA
,1,1,1,1,1,1,1,1,1,1,1,1,NA,NA,NA,NA,NA,NA,NA,NA,NA,NA,NA,NA,NA,NA,NA,NA,NA,NA
clevelandclinic,clevelandclinic,diabetes,deaths,type,contributes,fairytales,prevent,affected,change,cinderella,contrib,diet,dm,eating,exception,exercising,f,fighting,folks,gethealthyinc,healthy,hmgg,innovation,inspired,izprpdzwim,learn,losing,ollw,pinocchio,read
,9,9,7,7,6,2,2,1,1,1,1,1,1,1,1,1,1,1,1,1,1,1,1,1,1,1,1,1,1,1
concussion,amy,anyways,concussion,diabetes,football,joined,overcame,played,pro,rashondela,recovered,team,twerk,tyrone,NA,NA,NA,NA,NA,NA,NA,NA,NA,NA,NA,NA,NA,NA,NA,NA
,1,1,1,1,1,1,1,1,1,1,1,1,1,1,NA,NA,NA,NA,NA,NA,NA,NA,NA,NA,NA,NA,NA,NA,NA,NA
cpr,cpr,diabetes,aid,cholesterol,class,health,heartattack,heartdisease,lfiaw,life,nutrition,save,sucks,women,zmhj,NA,NA,NA,NA,NA,NA,NA,NA,NA,NA,NA,NA,NA,NA,NA
,2,2,1,1,1,1,1,1,1,1,1,1,1,1,1,NA,NA,NA,NA,NA,NA,NA,NA,NA,NA,NA,NA,NA,NA,NA
dental,diabetes,dental,health,oral,dentist,disease,game,gum,healing,impact,learn,manage,mouth,slowing,alpha,b,brampton,brushing,clcrtvt,crqlo,daily,diseases,eykw,flossing,guy,hygiene,i,ijhgu,importance,increase
,10,9,8,3,2,2,2,2,2,2,2,2,2,2,1,1,1,1,1,1,1,1,1,1,1,1,1,1,1,1
dentist,dentist,diabetes,dental,gum,bag,brampton,brushing,cavities,daily,disease,diseases,eating,fixed,flossing,gummy,health,k,people,practice,prone,regularly,sharethis,smile,sour,suck,tip,via,visit,worms,wpdehjgz
,3,3,2,2,1,1,1,1,1,1,1,1,1,1,1,1,1,1,1,1,1,1,1,1,1,1,1,1,1,1
dentists,boek,dentists,diabetes,diet,efyu,loss,lu,program,q,recommend,solution,wal,weight,wordpr,NA,NA,NA,NA,NA,NA,NA,NA,NA,NA,NA,NA,NA,NA,NA,NA
,1,1,1,1,1,1,1,1,1,1,1,1,1,1,NA,NA,NA,NA,NA,NA,NA,NA,NA,NA,NA,NA,NA,NA,NA,NA
dermatology,cvd,dermatology,diabetes,driving,edzy,force,metabolic,psoriasis,q,risks,similar,zl,NA,NA,NA,NA,NA,NA,NA,NA,NA,NA,NA,NA,NA,NA,NA,NA,NA,NA
,1,1,1,1,1,1,1,1,1,1,1,1,NA,NA,NA,NA,NA,NA,NA,NA,NA,NA,NA,NA,NA,NA,NA,NA,NA,NA
dietitian,diabetes,dietitian,registered,ak,alaska,anchorage,call,intern,internship,science,geax,marketing,yvouk,finance,nutrition,scienc,app,asmf,ate,blog,blue,boring,center,colleen,control,don,dsma,eatright,educator,exercise
,11,11,8,6,6,6,6,6,6,4,3,3,3,2,2,2,1,1,1,1,1,1,1,1,1,1,1,1,1,1
dietitians,cb,ce,check,diabetes,dietitians,fa,nursing,series,xtig,NA,NA,NA,NA,NA,NA,NA,NA,NA,NA,NA,NA,NA,NA,NA,NA,NA,NA,NA,NA,NA
,1,1,1,1,1,1,1,1,1,NA,NA,NA,NA,NA,NA,NA,NA,NA,NA,NA,NA,NA,NA,NA,NA,NA,NA,NA,NA,NA
eatright,diabetes,eatright,asmf,dietitian,eat,eating,f,help,information,learn,ndep,nutrition,registered,sharing,sports,thanks,tips,udxylmtj,zlc,NA,NA,NA,NA,NA,NA,NA,NA,NA,NA,NA
,4,3,1,1,1,1,1,1,1,1,1,1,1,1,1,1,1,1,1,NA,NA,NA,NA,NA,NA,NA,NA,NA,NA,NA
edema,diabetes,diabetic,edema,hchpuv,macular,please,prevention,share,tpx,NA,NA,NA,NA,NA,NA,NA,NA,NA,NA,NA,NA,NA,NA,NA,NA,NA,NA,NA,NA,NA
,1,1,1,1,1,1,1,1,1,NA,NA,NA,NA,NA,NA,NA,NA,NA,NA,NA,NA,NA,NA,NA,NA,NA,NA,NA,NA,NA
ehealth,diabetes,ehealth,bridge,improvement,lillooet,local,phr,river,tackles,team,according,albright,americans,ann,arogyahealth,bfit,cdc,change,continue,current,dr,dudaakn,fpp,hc,healthworkscollective,ii,joanjustice,mobilehealth,mobilehealtharoundtheglobe,ncvwhzuccw
,4,4,2,2,2,2,2,2,2,2,1,1,1,1,1,1,1,1,1,1,1,1,1,1,1,1,1,1,1,1
ehr,study,boost,care,diabetes,ehr,emr,health,healthcare,help,interactive,mn,technology,voice,ynr,yzq,NA,NA,NA,NA,NA,NA,NA,NA,NA,NA,NA,NA,NA,NA,NA
,2,1,1,1,1,1,1,1,1,1,1,1,1,1,1,NA,NA,NA,NA,NA,NA,NA,NA,NA,NA,NA,NA,NA,NA,NA
emr,study,boost,care,diabetes,ehr,emr,health,healthcare,help,interactive,mn,technology,voice,ynr,yzq,NA,NA,NA,NA,NA,NA,NA,NA,NA,NA,NA,NA,NA,NA,NA
,2,1,1,1,1,1,1,1,1,1,1,1,1,1,1,NA,NA,NA,NA,NA,NA,NA,NA,NA,NA,NA,NA,NA,NA,NA
ems,nyc,alfassa,arecs,bag,bike,diabetes,ems,emts,help,june,medic,nd,nj,ny,org,pls,provided,sag,tour,vans,vol,NA,NA,NA,NA,NA,NA,NA,NA,NA
,4,2,2,2,2,2,2,2,2,2,2,2,2,2,2,2,2,2,2,2,2,NA,NA,NA,NA,NA,NA,NA,NA,NA
epatient,added,advocates,diabetes,epatient,list,patient,sixuntilme,top,twitter,ajpff,company,ipauxl,jbbc,oc,zctv,NA,NA,NA,NA,NA,NA,NA,NA,NA,NA,NA,NA,NA,NA,NA
,2,2,2,2,2,2,2,2,2,1,1,1,1,1,1,NA,NA,NA,NA,NA,NA,NA,NA,NA,NA,NA,NA,NA,NA,NA
esalud,blogaceutics,boehringer,diabetes,esalud,game,gamification,launch,lilly,management,online,pmlive,gaqzuqlw,m,oy,wgdpdxf,NA,NA,NA,NA,NA,NA,NA,NA,NA,NA,NA,NA,NA,NA,NA
,2,2,2,2,2,2,2,2,2,2,2,1,1,1,1,NA,NA,NA,NA,NA,NA,NA,NA,NA,NA,NA,NA,NA,NA,NA
genomics,gut,diabetes,genomics,prediction,aid,characteristic,microorganisms,people,profiles,type,comments,dutch,gt,microbiome,nature,paper,a,abp,cmoni,fclfjmsqrd,h,jt,llm,nutrigenomics,omcwej,v,vq,yxhmswlyep,NA,NA
,8,5,5,5,3,3,3,3,3,3,2,2,2,2,2,2,1,1,1,1,1,1,1,1,1,1,1,1,NA,NA
geriatric,blood,cb,diabetes,e,etc,future,geriatric,life,mma,pressure,scared,scoliosis,type,x,NA,NA,NA,NA,NA,NA,NA,NA,NA,NA,NA,NA,NA,NA,NA,NA
,1,1,1,1,1,1,1,1,1,1,1,1,1,1,NA,NA,NA,NA,NA,NA,NA,NA,NA,NA,NA,NA,NA,NA,NA,NA
globalhealth,care,diabetes,globalhealth,impotence,ir,manly,nr,obesity,ot,strokes,taking,NA,NA,NA,NA,NA,NA,NA,NA,NA,NA,NA,NA,NA,NA,NA,NA,NA,NA,NA
,1,1,1,1,1,1,1,1,1,1,1,NA,NA,NA,NA,NA,NA,NA,NA,NA,NA,NA,NA,NA,NA,NA,NA,NA,NA,NA
glutenfree,care,diabetes,diet,discuss,etmykrfxtm,free,gluten,glutenfree,option,team,NA,NA,NA,NA,NA,NA,NA,NA,NA,NA,NA,NA,NA,NA,NA,NA,NA,NA,NA,NA
,1,1,1,1,1,1,1,1,1,1,NA,NA,NA,NA,NA,NA,NA,NA,NA,NA,NA,NA,NA,NA,NA,NA,NA,NA,NA,NA
hcsmeu,diabetes,hcsmeu,app,berci,boehringer,disease,engage,game,hcsm,launch,lilly,management,media,online,patients,pm,psnvlfx,pzwmlh,r,s,social,study,suggest,surveillance,tf,tough,tried,websites,NA,NA
,2,2,1,1,1,1,1,1,1,1,1,1,1,1,1,1,1,1,1,1,1,1,1,1,1,1,1,1,NA,NA
health20,apps,bosch,chronicdiseases,devices,diabetes,health,mhealth,mobile,o,patient,telehealth,telemedicine,umbmw,v,NA,NA,NA,NA,NA,NA,NA,NA,NA,NA,NA,NA,NA,NA,NA,NA
,1,1,1,1,1,1,1,1,1,1,1,1,1,1,NA,NA,NA,NA,NA,NA,NA,NA,NA,NA,NA,NA,NA,NA,NA,NA
healthinnovations,diabetes,astrazeneca,bkcwtk,bristol,drug,fda,healthinnovations,jsi,medical,nice,pharma,wins,NA,NA,NA,NA,NA,NA,NA,NA,NA,NA,NA,NA,NA,NA,NA,NA,NA,NA
,2,1,1,1,1,1,1,1,1,1,1,1,NA,NA,NA,NA,NA,NA,NA,NA,NA,NA,NA,NA,NA,NA,NA,NA,NA,NA
healthit,diabetes,healthit,using,acaq,automated,chronically,drv,events,follow,help,ill,mcgibbons,mhealth,monitor,particularly,patients,results,safety,seen,study,tech,ve,x,NA,NA,NA,NA,NA,NA,NA
,2,2,2,1,1,1,1,1,1,1,1,1,1,1,1,1,1,1,1,1,1,1,1,NA,NA,NA,NA,NA,NA,NA
healthtech,brady,care,collecting,data,diabetes,ellen,ethics,forums,healthtech,online,phd,presentation,social,student,NA,NA,NA,NA,NA,NA,NA,NA,NA,NA,NA,NA,NA,NA,NA,NA
,1,1,1,1,1,1,1,1,1,1,1,1,1,1,NA,NA,NA,NA,NA,NA,NA,NA,NA,NA,NA,NA,NA,NA,NA,NA
heor,access,affect,brazil,diabetes,education,g,healthcare,heor,management,patient,v,xfjln,NA,NA,NA,NA,NA,NA,NA,NA,NA,NA,NA,NA,NA,NA,NA,NA,NA,NA
,1,1,1,1,1,1,1,1,1,1,1,1,NA,NA,NA,NA,NA,NA,NA,NA,NA,NA,NA,NA,NA,NA,NA,NA,NA,NA
hhs,african,diabetes,hhs,added,american,blood,budget,community,council,don,educator,etc,health,moco,overweight,pressure,program,rules,smoke,whjmalhw,NA,NA,NA,NA,NA,NA,NA,NA,NA,NA
,2,2,2,1,1,1,1,1,1,1,1,1,1,1,1,1,1,1,1,1,NA,NA,NA,NA,NA,NA,NA,NA,NA,NA
hix,diabetes,events,hix,inwards,situations,symptoms,treating,NA,NA,NA,NA,NA,NA,NA,NA,NA,NA,NA,NA,NA,NA,NA,NA,NA,NA,NA,NA,NA,NA,NA
,1,1,1,1,1,1,1,NA,NA,NA,NA,NA,NA,NA,NA,NA,NA,NA,NA,NA,NA,NA,NA,NA,NA,NA,NA,NA,NA,NA
hmenews,bennies,brand,diabetes,hmenews,july,manufacturer,name,qjnpjkhunx,supplies,switch,warning,NA,NA,NA,NA,NA,NA,NA,NA,NA,NA,NA,NA,NA,NA,NA,NA,NA,NA,NA
,1,1,1,1,1,1,1,1,1,1,1,NA,NA,NA,NA,NA,NA,NA,NA,NA,NA,NA,NA,NA,NA,NA,NA,NA,NA,NA
hmo,bi,diabetes,dna,french,guillotine,hmo,huh,invented,louis,polar,prove,tests,treatement,xvi,NA,NA,NA,NA,NA,NA,NA,NA,NA,NA,NA,NA,NA,NA,NA,NA
,1,1,1,1,1,1,1,1,1,1,1,1,1,1,NA,NA,NA,NA,NA,NA,NA,NA,NA,NA,NA,NA,NA,NA,NA,NA
hospitals,cards,check,diabetes,gp,hospitals,juneshannon,outpatient,patients,sometimes,visit,wait,NA,NA,NA,NA,NA,NA,NA,NA,NA,NA,NA,NA,NA,NA,NA,NA,NA,NA,NA
,1,1,1,1,1,1,1,1,1,1,1,NA,NA,NA,NA,NA,NA,NA,NA,NA,NA,NA,NA,NA,NA,NA,NA,NA,NA,NA
imaging,diabetes,imaging,bigger,director,drug,industry,jic,louis,lvhbyc,management,mo,news,noninvasive,partners,pharma,pharmacovigilence,pharmacy,play,qtxxxi,role,safety,search,st,tests,wfo,NA,NA,NA,NA,NA
,2,2,1,1,1,1,1,1,1,1,1,1,1,1,1,1,1,1,1,1,1,1,1,1,1,NA,NA,NA,NA,NA
immunotherapy,ange,anymore,beasley,chicago,deena,diabetes,immunotherapy,julie,los,melanoma,mo,pfvwxeh,steenhuysen,NA,NA,NA,NA,NA,NA,NA,NA,NA,NA,NA,NA,NA,NA,NA,NA,NA
,1,1,1,1,1,1,1,1,1,1,1,1,1,NA,NA,NA,NA,NA,NA,NA,NA,NA,NA,NA,NA,NA,NA,NA,NA,NA
infant,diabetes,infant,evidence,fetal,health,ill,origins,puerto,rico,bblynosnr,breaks,heart,hwjxgrx,l,mu,oov,ospepvrhfk,ptha,seeing,NA,NA,NA,NA,NA,NA,NA,NA,NA,NA,NA
,3,3,2,2,2,2,2,2,2,1,1,1,1,1,1,1,1,1,1,NA,NA,NA,NA,NA,NA,NA,NA,NA,NA,NA
insulinpump,diabetes,insulinpump,pump,d,t,type,doc,e,sensor,site,abudhabi,am,asante,awesome,baby,c,change,clinic,daughter,detected,diabetic,diabeticproblem,died,dne,education,greattiming,h,half,hateit,health
,8,8,4,3,3,3,2,2,2,2,1,1,1,1,1,1,1,1,1,1,1,1,1,1,1,1,1,1,1,1
internist,job,montana,aro,diabetes,fit,internist,pbnmsx,NA,NA,NA,NA,NA,NA,NA,NA,NA,NA,NA,NA,NA,NA,NA,NA,NA,NA,NA,NA,NA,NA,NA
,2,2,1,1,1,1,1,NA,NA,NA,NA,NA,NA,NA,NA,NA,NA,NA,NA,NA,NA,NA,NA,NA,NA,NA,NA,NA,NA,NA
kidshealth,diabetes,kidshealth,health,healthcare,salt,fairytales,air,benefits,cancer,children,cinderella,cx,drowning,er,foods,gdrpubf,getting,grandparents,healthnews,healthyliving,hmgg,inspired,kids,l,lessons,levels,lung,medicine,mpxmjrww,nose
,6,6,4,4,3,2,1,1,1,1,1,1,1,1,1,1,1,1,1,1,1,1,1,1,1,1,1,1,1,1
lhin,diabetes,lhin,adults,hnhb,reported,accountability,actioned,amputation,board,btw,centre,chronic,condition,conjunction,coordinating,coordination,deps,developed,drcc,experienced,feb,function,funding,largest,lhins,limb,lower,nearly,othe,people
,6,6,3,3,2,1,1,1,1,1,1,1,1,1,1,1,1,1,1,1,1,1,1,1,1,1,1,1,1,1
mayoclinic,diabetes,mayoclinic,cinnamon,helpful,broader,recent,research,suggests,treatment,plan,fairytales,risk,tips,a,ago,amdiabetesassn,bb,blood,capsules,cholesterol,cigarette,cinderella,cinnabon,control,cp,developing,factors,fu,fyj,hmgg
,10,10,7,6,5,5,5,5,5,4,2,2,2,1,1,1,1,1,1,1,1,1,1,1,1,1,1,1,1,1
medicaid,chd,closer,data,diabetes,expansion,icymi,jxdy,letting,look,medicaid,refusing,speak,wnrp,NA,NA,NA,NA,NA,NA,NA,NA,NA,NA,NA,NA,NA,NA,NA,NA,NA
,1,1,1,1,1,1,1,1,1,1,1,1,1,NA,NA,NA,NA,NA,NA,NA,NA,NA,NA,NA,NA,NA,NA,NA,NA,NA
medicare,medicare,diabetes,cost,eating,healthy,homewood,library,meter,prevention,care,gt,sessions,share,adding,ahr,b,california,ch,check,contributors,costs,covers,discuss,enrollees,ep,f,fujvam,gdtjvksdpb,health,hurry
,12,11,3,3,3,3,3,3,3,2,2,2,2,1,1,1,1,1,1,1,1,1,1,1,1,1,1,1,1,1
medstartr,based,characters,cinderella,diabetes,fairytales,fariytale,hmgg,medstartr,ollw,popular,snow,tips,white,NA,NA,NA,NA,NA,NA,NA,NA,NA,NA,NA,NA,NA,NA,NA,NA,NA
,1,1,1,1,1,1,1,1,1,1,1,1,1,NA,NA,NA,NA,NA,NA,NA,NA,NA,NA,NA,NA,NA,NA,NA,NA,NA
mentalhealth,diabetes,mentalhealth,aids,blood,children,combined,cttyv,depressed,depression,gph,illness,kids,leukemia,p,people,psychiatric,qbl,risk,suffer,sugar,trxx,NA,NA,NA,NA,NA,NA,NA,NA,NA
,2,2,1,1,1,1,1,1,1,1,1,1,1,1,1,1,1,1,1,1,1,NA,NA,NA,NA,NA,NA,NA,NA,NA
mentalillness,bloomberg,connection,diabetes,gun,hide,indoorco,mentalillness,noise,nra,nyc,obesity,start,violence,NA,NA,NA,NA,NA,NA,NA,NA,NA,NA,NA,NA,NA,NA,NA,NA,NA
,1,1,1,1,1,1,1,1,1,1,1,1,1,NA,NA,NA,NA,NA,NA,NA,NA,NA,NA,NA,NA,NA,NA,NA,NA,NA
mhealth,diabetes,mhealth,analyzing,app,checks,gamification,glucose,iphone,levels,look,mhealthzone,ralphsimon,robotics,solutions,space,urine,using,apps,architecture,boost,bosch,care,chronically,chronicdiseases,depression,devices,diabetesmine,digitalhealth,emxy,fast
,9,8,2,2,2,2,2,2,2,2,2,2,2,2,2,2,2,1,1,1,1,1,1,1,1,1,1,1,1,1
mhealthzone,diabetes,mhealthzone,ralphsimon,gamification,look,mhealth,robotics,solutions,space,wlsa,focus,happtique,hoping,innovations,populations,reach,NA,NA,NA,NA,NA,NA,NA,NA,NA,NA,NA,NA,NA,NA
,3,3,3,2,2,2,2,2,2,2,1,1,1,1,1,1,NA,NA,NA,NA,NA,NA,NA,NA,NA,NA,NA,NA,NA,NA
midwife,conversations,diabetes,emmam,looking,midwife,team,NA,NA,NA,NA,NA,NA,NA,NA,NA,NA,NA,NA,NA,NA,NA,NA,NA,NA,NA,NA,NA,NA,NA,NA
,1,1,1,1,1,1,NA,NA,NA,NA,NA,NA,NA,NA,NA,NA,NA,NA,NA,NA,NA,NA,NA,NA,NA,NA,NA,NA,NA,NA
mobilehealth,arogyahealth,diabetes,ehealth,healthworkscollective,joanjustice,mobilehealth,mobilehealtharoundtheglobe,ncvwhzuccw,NA,NA,NA,NA,NA,NA,NA,NA,NA,NA,NA,NA,NA,NA,NA,NA,NA,NA,NA,NA,NA,NA
,1,1,1,1,1,1,1,1,NA,NA,NA,NA,NA,NA,NA,NA,NA,NA,NA,NA,NA,NA,NA,NA,NA,NA,NA,NA,NA,NA
nephrologist,diabetes,evidence,ckd,cme,day,mcgillu,nephrologist,talks,targets,NA,NA,NA,NA,NA,NA,NA,NA,NA,NA,NA,NA,NA,NA,NA,NA,NA,NA,NA,NA,NA
,2,2,1,1,1,1,1,1,1,NA,NA,NA,NA,NA,NA,NA,NA,NA,NA,NA,NA,NA,NA,NA,NA,NA,NA,NA,NA,NA
nih,diabetes,nih,cancer,june,pancreatic,approach,concerns,conf,diagnostic,drugs,eeoaf,especially,expert,family,free,gaps,gestational,gq,h,identifies,investigate,januvia,key,learn,led,link,meds,meet,n,national
,4,4,2,2,2,1,1,1,1,1,1,1,1,1,1,1,1,1,1,1,1,1,1,1,1,1,1,1,1,1
obgyn,diabetes,gestational,obgyn,endocrinology,uspstf,favors,promising,test,testing,ucalgary,benefits,erqog,gext,harms,health,issues,km,llywge,lzhdoux,medpagetoday,nyostfshxp,o,pfziugr,pregancy,qhdonaeg,recommendations,review,screening,treating,v
,6,6,6,4,3,2,2,2,2,2,1,1,1,1,1,1,1,1,1,1,1,1,1,1,1,1,1,1,1,1
obstetrics,alnnvo,bz,diabetes,gestational,obstetrics,performance,pregnancie,screening,singleton,test,twin,versus,NA,NA,NA,NA,NA,NA,NA,NA,NA,NA,NA,NA,NA,NA,NA,NA,NA,NA
,1,1,1,1,1,1,1,1,1,1,1,1,NA,NA,NA,NA,NA,NA,NA,NA,NA,NA,NA,NA,NA,NA,NA,NA,NA,NA
oncology,diabetes,oncology,allelic,architecture,assessment,cance,cancer,day,inside,m,nutrition,prostate,shared,studying,type,wqnhzuys,NA,NA,NA,NA,NA,NA,NA,NA,NA,NA,NA,NA,NA,NA
,2,2,1,1,1,1,1,1,1,1,1,1,1,1,1,1,NA,NA,NA,NA,NA,NA,NA,NA,NA,NA,NA,NA,NA,NA
orthopedics,aspirin,attack,brynne,diabetes,heart,knowledge,ll,lots,mk,orthopedics,tips,ya,NA,NA,NA,NA,NA,NA,NA,NA,NA,NA,NA,NA,NA,NA,NA,NA,NA,NA
,1,1,1,1,1,1,1,1,1,1,1,1,NA,NA,NA,NA,NA,NA,NA,NA,NA,NA,NA,NA,NA,NA,NA,NA,NA,NA
palliative,basic,care,conflict,dementia,diabetes,excellent,f,level,mandatories,nvq,palliative,resolution,responders,st,team,training,type,x,NA,NA,NA,NA,NA,NA,NA,NA,NA,NA,NA,NA
,1,1,1,1,1,1,1,1,1,1,1,1,1,1,1,1,1,1,NA,NA,NA,NA,NA,NA,NA,NA,NA,NA,NA,NA
pathology,approach,centered,diabetes,health,healthcare,medicine,pathology,patient,NA,NA,NA,NA,NA,NA,NA,NA,NA,NA,NA,NA,NA,NA,NA,NA,NA,NA,NA,NA,NA,NA
,1,1,1,1,1,1,1,1,NA,NA,NA,NA,NA,NA,NA,NA,NA,NA,NA,NA,NA,NA,NA,NA,NA,NA,NA,NA,NA,NA
pediatric,diabetes,pediatric,kids,charity,david,department,diabetology,domek,e,endocrinologist,endocrinology,expert,i,individuals,information,intake,iusm,kjot,looking,md,myrtle,obesity,research,rg,ride,startling,study,sugar,thankstriplexxxriders,type
,5,4,2,1,1,1,1,1,1,1,1,1,1,1,1,1,1,1,1,1,1,1,1,1,1,1,1,1,1,1
pediatrician,bloomwellness,diabetes,parenting,pediatrician,shop,toddler,type,via,zinijacouy,NA,NA,NA,NA,NA,NA,NA,NA,NA,NA,NA,NA,NA,NA,NA,NA,NA,NA,NA,NA,NA
,1,1,1,1,1,1,1,1,1,NA,NA,NA,NA,NA,NA,NA,NA,NA,NA,NA,NA,NA,NA,NA,NA,NA,NA,NA,NA,NA
pharmaceutical,diabetes,pharmaceutical,sales,astrazeneca,d,job,specialist,products,companies,drug,f,greenville,jobs,medication,publicistouchpointsolutions,representative,sc,solutions,accurate,announc,asy,bayshore,benefits,boss,care,chicago,columbia,company,danish,dealing
,14,14,13,12,6,6,6,4,2,2,2,2,2,2,2,2,2,2,1,1,1,1,1,1,1,1,1,1,1,1
pharmaceuticals,diabetes,pharmaceuticals,health,annual,b,bg,care,ceo,check,cholesterol,class,cnseu,conference,dbaccess,director,dqj,drug,eca,eupapxyzgb,fad,forxiga,glucose,increase,job,jobs,lexicon,lr,marketing,news,nice
,4,4,2,1,1,1,1,1,1,1,1,1,1,1,1,1,1,1,1,1,1,1,1,1,1,1,1,1,1,1
pharmacist,cancer,cure,diabetes,pharmacist,aids,alzheimers,stumble,balla,cali,health,loved,medication,medicationexpert,pei,review,NA,NA,NA,NA,NA,NA,NA,NA,NA,NA,NA,NA,NA,NA,NA
,3,3,3,3,2,2,2,1,1,1,1,1,1,1,1,NA,NA,NA,NA,NA,NA,NA,NA,NA,NA,NA,NA,NA,NA,NA
pharmaphorum,diabetes,game,pharma,pharmaphorum,bantinghouse,beast,boehringer,ci,cnq,daily,dwbgcoohwe,giants,hc,launch,lillypad,management,reneomega,stories,top,via,NA,NA,NA,NA,NA,NA,NA,NA,NA,NA
,2,2,2,2,1,1,1,1,1,1,1,1,1,1,1,1,1,1,1,1,NA,NA,NA,NA,NA,NA,NA,NA,NA,NA
phr,bridge,diabetes,ehealth,improvement,lillooet,local,phr,river,tackles,team,dudaakn,fpp,hc,nmb,yj,NA,NA,NA,NA,NA,NA,NA,NA,NA,NA,NA,NA,NA,NA,NA
,2,2,2,2,2,2,2,2,2,2,1,1,1,1,1,NA,NA,NA,NA,NA,NA,NA,NA,NA,NA,NA,NA,NA,NA,NA
physician,diabetes,physician,type,assistants,auto,automatic,bp,doctors,download,educators,houston,job,nurse,nurses,omron,organization,oth,practitioner,texas,tmh,wintellisense,x,a,acdm,alert,alibutthole,bcymrfb,db,dc,die
,7,6,3,2,2,2,2,2,2,2,2,2,2,2,2,2,2,2,2,2,2,2,1,1,1,1,1,1,1,1
physicianassistant,aapa,diabetes,draft,eqtoyebbza,gestational,guidelines,mellitus,pastudent,physicianassistant,uspstf,NA,NA,NA,NA,NA,NA,NA,NA,NA,NA,NA,NA,NA,NA,NA,NA,NA,NA,NA,NA
,1,1,1,1,1,1,1,1,1,1,NA,NA,NA,NA,NA,NA,NA,NA,NA,NA,NA,NA,NA,NA,NA,NA,NA,NA,NA,NA
physicians,diabetes,physicians,b,joslin,prevention,russia,visit,absolutely,birth,bo,care,compliance,daily,dblog,diagnostic,disease,dpsmh,education,educational,effect,encourages,health,heart,identify,importantly,inc,indicators,intervention,joslindiabetes,laboratory
,7,6,2,2,2,2,2,1,1,1,1,1,1,1,1,1,1,1,1,1,1,1,1,1,1,1,1,1,1,1
plasticsurgery,remission,bariatic,criteri,diabetes,diagnosis,jeopardized,plasticsurgery,sfyhtnyrbn,surgery,NA,NA,NA,NA,NA,NA,NA,NA,NA,NA,NA,NA,NA,NA,NA,NA,NA,NA,NA,NA,NA
,2,1,1,1,1,1,1,1,1,NA,NA,NA,NA,NA,NA,NA,NA,NA,NA,NA,NA,NA,NA,NA,NA,NA,NA,NA,NA,NA
pm101,diabetes,pm,advisor,bases,clusters,d,gene,genetic,gi,gut,mark,mccarthy,microbiome,muaeyce,nature,predicting,risk,rw,scientific,study,suksetsbns,t,type,unearths,unravels,vyuankz,NA,NA,NA,NA
,2,2,1,1,1,1,1,1,1,1,1,1,1,1,1,1,1,1,1,1,1,1,1,1,1,1,NA,NA,NA,NA
podiatrist,diabetes,ebeebee,injections,june,moving,multiple,nurse,podiatrist,specialist,th,week,NA,NA,NA,NA,NA,NA,NA,NA,NA,NA,NA,NA,NA,NA,NA,NA,NA,NA,NA
,1,1,1,1,1,1,1,1,1,1,1,NA,NA,NA,NA,NA,NA,NA,NA,NA,NA,NA,NA,NA,NA,NA,NA,NA,NA,NA
primarycare,cardiovascular,cuba,diabetes,ghwoifpsi,mortality,obesity,primarycare,publichealth,NA,NA,NA,NA,NA,NA,NA,NA,NA,NA,NA,NA,NA,NA,NA,NA,NA,NA,NA,NA,NA,NA
,1,1,1,1,1,1,1,1,NA,NA,NA,NA,NA,NA,NA,NA,NA,NA,NA,NA,NA,NA,NA,NA,NA,NA,NA,NA,NA,NA
psych,diabetes,psych,pwd,therapy,denial,diabetesproblems,cause,check,death,exploded,interview,kid,woodyjokes,alise,angle,balance,bars,cjllk,couldnt,diabetic,diabetictalks,doesnt,extra,family,jean,liked,little,lofgren,lvmazuoowa,pixvr
,8,7,4,4,3,3,2,2,2,2,2,2,2,1,1,1,1,1,1,1,1,1,1,1,1,1,1,1,1,1
psychiatrists,diabetes,hovuqeezns,psychiatrists,ruling,therapist,NA,NA,NA,NA,NA,NA,NA,NA,NA,NA,NA,NA,NA,NA,NA,NA,NA,NA,NA,NA,NA,NA,NA,NA,NA
,1,1,1,1,1,NA,NA,NA,NA,NA,NA,NA,NA,NA,NA,NA,NA,NA,NA,NA,NA,NA,NA,NA,NA,NA,NA,NA,NA,NA
psychology,diabetes,psychology,caramel,diabeticproblems,aade,affects,coming,de,duqljsud,fbkuhad,forecast,girl,growing,journal,magazine,presentation,readership,survey,therapy,video,winners,wozjdlmahf,yoga,NA,NA,NA,NA,NA,NA,NA
,4,4,2,2,1,1,1,1,1,1,1,1,1,1,1,1,1,1,1,1,1,1,1,NA,NA,NA,NA,NA,NA,NA
ptsafety,diabetes,ptsafety,adverseevent,associated,byetta,changes,difference,doctor,doubts,drug,drugs,gk,health,healthfdn,httrzwddtv,i,imperil,januvia,jean,lariy,lucrative,m,macleod,nteeshpoolnhsft,nurses,nursing,oxknh,pancreatic,pw,risks
,3,3,1,1,1,1,1,1,1,1,1,1,1,1,1,1,1,1,1,1,1,1,1,1,1,1,1,1,1,1
pubhealth,diabetes,pubhealth,alarms,awvcry,butler,courageous,dr,drugs,fda,force,gestational,iba,lone,lucrative,merck,peter,pregnant,qot,raises,rwjf,screened,task,utxmd,voice,weeks,women,NA,NA,NA,NA
,2,2,1,1,1,1,1,1,1,1,1,1,1,1,1,1,1,1,1,1,1,1,1,1,1,1,NA,NA,NA,NA
publichealth,diabetes,publichealth,b,obesity,absolutely,beverages,bigfood,birth,bloodpressure,boards,cancer,cardiovascular,chance,change,concerns,cuba,daily,disease,drugs,dunkthejunk,eui,family,free,front,ghwoifpsi,gt,heart,ii,increases,intake
,8,7,2,2,1,1,1,1,1,1,1,1,1,1,1,1,1,1,1,1,1,1,1,1,1,1,1,1,1,1
pulmonary,th,diabetes,pulmonary,cells,coincident,expansion,mellitus,pathogen,specific,t,tuberculosis,increase,risk,chronic,disease,function,j,lower,lung,meats,obstructive,processed,c,ccsih,etdhvvlase,ox,p,pdsacslyv,rfozgxyq,zuxv
,10,7,7,5,5,5,5,5,5,5,5,4,4,2,2,2,2,2,2,2,2,2,1,1,1,1,1,1,1,1
radiology,health,bud,cancer,diabetes,heart,list,maintain,mwev,radiology,resources,senior,services,y,NA,NA,NA,NA,NA,NA,NA,NA,NA,NA,NA,NA,NA,NA,NA,NA,NA
,2,1,1,1,1,1,1,1,1,1,1,1,1,NA,NA,NA,NA,NA,NA,NA,NA,NA,NA,NA,NA,NA,NA,NA,NA,NA
rehab,diabetes,rehab,towards,amanda,ate,bynes,cookie,cookies,daily,gantenbein,hurtling,jennagantenbein,monster,schlachter,treatments,NA,NA,NA,NA,NA,NA,NA,NA,NA,NA,NA,NA,NA,NA,NA
,2,2,2,1,1,1,1,1,1,1,1,1,1,1,1,NA,NA,NA,NA,NA,NA,NA,NA,NA,NA,NA,NA,NA,NA,NA
respiratory,diabetes,respiratory,clinical,copd,jobs,rgn,specialist,accountingjobs,jobsu,u,cancer,disease,diseases,chronic,heart,leading,stroke,united,advair,alzheimer,as,attack,cardiovascular,causes,curb,death,def,don,dying,expat
,11,11,6,6,6,6,6,4,4,4,3,3,3,2,2,2,2,2,1,1,1,1,1,1,1,1,1,1,1,1
rn,rn,diabetes,e,future,anyway,cde,concern,dickinson,eat,futuuuuuure,ga,gain,goals,healthcoach,hisses,indeed,isn,jane,life,mustbeamberr,petrified,phd,plan,professional,quality,self,set,smoking,type,weight
,6,5,2,2,1,1,1,1,1,1,1,1,1,1,1,1,1,1,1,1,1,1,1,1,1,1,1,1,1,1
s4pm,app,diabetes,disease,engage,hcsmeu,media,patients,pm,psnvlfx,s,social,study,suggest,surveillance,tf,websites,NA,NA,NA,NA,NA,NA,NA,NA,NA,NA,NA,NA,NA,NA
,1,1,1,1,1,1,1,1,1,1,1,1,1,1,1,1,NA,NA,NA,NA,NA,NA,NA,NA,NA,NA,NA,NA,NA,NA
sdoh,contribute,diabetes,eqpaho,factors,ndss,sdoh,social,understanding,ccwsoqwqtb,cen,health,nexus,v,vd,NA,NA,NA,NA,NA,NA,NA,NA,NA,NA,NA,NA,NA,NA,NA,NA
,2,2,2,2,2,2,2,2,1,1,1,1,1,1,NA,NA,NA,NA,NA,NA,NA,NA,NA,NA,NA,NA,NA,NA,NA,NA
seniors,diabetes,seniors,health,obesity,report,rates,chronic,diseases,diet,growing,increase,memory,nat,nationwide,smoking,supplies,testing,activity,ahrsenior,alfa,alzheimer,america,aq,ay,bcci,benefit,blanton,bound,bt,c
,15,14,6,6,5,4,3,3,2,2,2,2,2,2,2,2,2,1,1,1,1,1,1,1,1,1,1,1,1,1
skincare,diabetes,blood,bvvqnfec,conditions,d,hairloss,level,person,skin,skincare,sugar,symptoms,NA,NA,NA,NA,NA,NA,NA,NA,NA,NA,NA,NA,NA,NA,NA,NA,NA,NA
,2,1,1,1,1,1,1,1,1,1,1,1,NA,NA,NA,NA,NA,NA,NA,NA,NA,NA,NA,NA,NA,NA,NA,NA,NA,NA
spine,diabetes,spine,bone,calcaneus,change,density,endocrinology,hip,lhxj,mineral,q,radius,ridiculousdrinks,roughly,sends,shivers,sweet,tin,z,NA,NA,NA,NA,NA,NA,NA,NA,NA,NA,NA
,2,2,1,1,1,1,1,1,1,1,1,1,1,1,1,1,1,1,1,NA,NA,NA,NA,NA,NA,NA,NA,NA,NA,NA
stemcell,diabetes,stemcell,cure,cells,type,adult,key,stem,hold,treatment,adwu,bone,combining,curing,difbxim,drug,e,ecxvddnqyt,fdayk,g,gq,health,hmsf,ihlf,insulin,iq,manorama,marrow,online,p
,8,6,5,4,4,3,3,3,2,2,1,1,1,1,1,1,1,1,1,1,1,1,1,1,1,1,1,1,1,1
surgeon,diabetes,surgeon,health,heart,mental,cancer,candy,causes,common,crush,disease,heartdisease,illnesses,inflammation,iphone,obesity,playing,renown,report,risk,saga,speaks,warning,world,yntmlpiakm,NA,NA,NA,NA,NA
,3,3,2,2,2,1,1,1,1,1,1,1,1,1,1,1,1,1,1,1,1,1,1,1,1,NA,NA,NA,NA,NA
telehealth,apps,bosch,chronicdiseases,devices,diabetes,health,mhealth,mobile,o,patient,telehealth,telemedicine,umbmw,v,NA,NA,NA,NA,NA,NA,NA,NA,NA,NA,NA,NA,NA,NA,NA,NA
,1,1,1,1,1,1,1,1,1,1,1,1,1,1,NA,NA,NA,NA,NA,NA,NA,NA,NA,NA,NA,NA,NA,NA,NA,NA
telemedicine,diabetes,telemedicine,develop,ensure,european,healthcare,management,plans,programme,union,apps,bosch,cd,chronicdiseases,devices,health,ijwmvgi,jyizmg,mhealth,mobile,ndd,o,patient,telehealth,umbmw,v,NA,NA,NA,NA
,3,3,2,2,2,2,2,2,2,2,1,1,1,1,1,1,1,1,1,1,1,1,1,1,1,1,NA,NA,NA,NA
transfusion,blood,cjmcfly,d,diabetes,joke,received,transfusion,NA,NA,NA,NA,NA,NA,NA,NA,NA,NA,NA,NA,NA,NA,NA,NA,NA,NA,NA,NA,NA,NA,NA
,1,1,1,1,1,1,1,NA,NA,NA,NA,NA,NA,NA,NA,NA,NA,NA,NA,NA,NA,NA,NA,NA,NA,NA,NA,NA,NA,NA
urology,consequence,diabetes,faster,ixsp,kidneydisease,kids,progresses,rates,type,urology,via,vqwgb,webmd,NA,NA,NA,NA,NA,NA,NA,NA,NA,NA,NA,NA,NA,NA,NA,NA,NA
,1,1,1,1,1,1,1,1,1,1,1,1,1,NA,NA,NA,NA,NA,NA,NA,NA,NA,NA,NA,NA,NA,NA,NA,NA,NA
vaccination,diabetes,vaccination,adults,autism,autoimmune,bn,disorders,findings,hep,hepatitis,htbiu,induce,jra,look,pdzcn,series,w,yo,NA,NA,NA,NA,NA,NA,NA,NA,NA,NA,NA,NA
,2,2,1,1,1,1,1,1,1,1,1,1,1,1,1,1,1,1,NA,NA,NA,NA,NA,NA,NA,NA,NA,NA,NA,NA
wdd,diabetes,wdd,photo,added,alex,fairytales,federation,international,ministe,pool,re,salmond,atlas,b,blog,blue,bluefridays,broccoli,cc,cinderella,comprehensive,country,cufflinks,day,denim,diabeteshealth,diabetesuk,eating,erwusc,fathers
,10,10,4,2,2,2,2,2,2,2,2,2,1,1,1,1,1,1,1,1,1,1,1,1,1,1,1,1,1,1
wellocracy,cool,dailydtalk,diabetes,enjoy,insulin,nation,readers,site,sxqxnxef,unite,wellocracy,y,NA,NA,NA,NA,NA,NA,NA,NA,NA,NA,NA,NA,NA,NA,NA,NA,NA,NA
,1,1,1,1,1,1,1,1,1,1,1,1,NA,NA,NA,NA,NA,NA,NA,NA,NA,NA,NA,NA,NA,NA,NA,NA,NA,NA
womenshealth,diabetes,womenshealth,fairytales,heartdisease,nutrition,cinderella,gestational,health,heartattack,hmgg,inspired,lfiaw,looking,menshealth,ollw,pinocchio,snow,tips,white,zmhj,cholesterol,decrease,f,getting,gjpmi,grandparents,healthcare,healthnews,hear,highbloodpressure
,8,8,4,3,3,2,2,2,2,2,2,2,2,2,2,2,2,2,2,2,1,1,1,1,1,1,1,1,1,1
woundcare,blog,check,diabetes,obesity,woundcare,cnnhealth,com,contact,cvh,i,jcalder,phregeb,story,thepoorchef,thewca,ur,vjkl,NA,NA,NA,NA,NA,NA,NA,NA,NA,NA,NA,NA,NA
,2,2,2,2,2,1,1,1,1,1,1,1,1,1,1,1,1,NA,NA,NA,NA,NA,NA,NA,NA,NA,NA,NA,NA,NA
